Alchemist,Artificer,Barbarian,Bard,Cleric,Druid,Favored Soul,Fighter,Monk,Paladin,Ranger,Rogue,Sorcerer,Warlock,Wizard
0.051970.064960.065620.063960.068290.036310.031980.078280.040970.086280.078280.091610.062960.080280.09394